Date,FAA Lead Form Impressions,Search-National Brand,Search-National Generic,Search-GO Brand,Search-GO Generic,Search-Lumino Brand,Search-Lumino Generic,Search-SLGI Brand,Search-SLGI Generic,Search-Other Brand,Search-Other Generic,Social-Brand,Social-GO,Social-Lumino,Social-Sponsorship,Social-Other,Display-Brand,Display-Lumino,Display-GO,Display-Sponsorship,Display-Other,Native-Brand,Native-Lumino,Native-GO,Native-Sponsorship,Native-Other,Video-Brand,Video-Lumino,Video-Sponsorship,Video-Other,DigitalAudio-Brand,DigitalAudio-Lumino,DigitalAudio-Other,TV-Total-Brand-Imps,TV-Total-Lumino-Imps,TV-Total-Spon-Imps,TV-Conv-Brand-Imps,TV-Conv-Lumino-Imps,TV-Spec-Brand-Imps,TV-Spec-Lumino-Imps,TV-Spec-Spon-Imps,TV-Total-Brand-GRPs,TV-Total-Lumino-GRPs,TV-Total-Spon-GRPs,TV-Conv-Brand-GRPs,TV-Conv-Lumino-GRPs,TV-Spec-Brand-GRPs,TV-Spec-Lumino-GRPs,TV-Spec-Spon-GRPs,OOH-Lumino,OOH-Brand,Radio-Brand,Radio-Lumino,Radio-QC,eDirects-SLGI,eDirects-GB
10/22/2018,4456,59754,125031,110,3575,0,125017,0,0,186,14739,0,0,1506607,0,0,0,0,0,0,0,0,0,0,0,0,0,0,0,0,0,0,0,3309.27,0,0,1303.85,0,2005.42,0,0,9.1,0,0,3.58,0,5.51,0,0,23130336,0,0,0,0,0,0
10/29/2018,4582,57271,104108,100,3752,0,135685,0,0,104,17817,5052667,0,11095943,0,0,0,0,0,0,0,0,0,0,0,0,0,0,0,0,0,0,0,22099.65,0,0,6028.01,0,16071.63,0,0,60.75,0,0,16.57,0,44.18,0,0,45742058,2203168,0,444.45,0,0,0
11/5/2018,3606,41938,74833,139,3090,0,135940,0,0,0,18849,5378111,0,11778066,0,0,0,0,0,0,0,0,25532,0,0,0,0,400409,0,0,0,0,0,38956.38,0,0,10696.04,0,28260.35,0,0,107.09,0,0,29.4,0,77.69,0,0,48569475,2608168,0,444.32,0,0,0
11/12/2018,4118,38689,60305,108,2033,0,52676,0,0,0,20783,6553877,0,10857230,223378,0,0,0,0,509898,0,0,771722,0,82849,0,2323178,1844735,47214,0,0,0,0,37895.31,0,899.01,7964.62,0,29930.69,0,899.01,104.17,0,2.47,21.89,0,82.28,0,2.47,47643305,2608168,0,444.01,0,0,0
11/19/2018,4863,48682,88334,189,2895,0,73479,0,0,0,20169,5687274,0,11383924,193331,0,0,0,0,565822,0,0,1092830,0,110233,0,2613719,1782976,79822,0,228210,0,0,39706.53,0,597.54,8791.82,0,30914.71,0,597.54,109.15,0,1.64,24.17,0,84.98,0,1.64,49494776,2608168,0,443.22,0,0,0
11/26/2018,6069,68561,114088,176,4188,0,83163,0,0,0,22715,5972308,0,12290351,234718,0,1452122,0,0,682043,0,0,3167243,0,125661,0,2963787,1689058,93210,0,415059,0,0,49046.77,0,509.94,5930.2,0,43116.58,0,509.94,134.83,0,1.4,16.3,0,118.53,0,1.4,46312940,2608168,0,0,0,0,0
12/3/2018,3897,69669,70754,143,3321,0,117923,0,0,0,24334,5843762,0,12578342,217652,0,2523501,0,0,761133,0,0,3734589,0,115376,0,3493551,1354096,107378,0,547006,0,0,42257.88,0,1165.35,3390.68,0,38867.2,0,1165.35,116.17,0,3.2,9.32,0,106.85,0,3.2,8223084,2203168,0,0,0,0,0
12/10/2018,3819,63930,56597,142,2802,0,127952,0,0,0,24241,6321117,0,12050318,209855,0,2954869,0,0,727098,0,0,1421868,0,57605,0,2705479,691943,90872,0,315793,0,0,3922.77,0,669.95,625.12,0,3297.66,0,669.95,10.78,0,1.84,1.72,0,9.07,0,1.84,1578615,2203168,0,0,0,0,0
12/17/2018,3695,73353,83469,117,2610,0,116702,0,0,0,10156,4526795,0,7714816,224655,0,3238078,0,0,773147,0,22211,2006935,0,0,0,1368024,663028,88798,0,129944,0,0,1709.64,0,339.69,544.65,0,1164.99,0,339.69,4.7,0,0.93,1.5,0,3.2,0,0.93,930064,2203168,0,0,0,0,0
12/24/2018,2204,33966,61153,14,1778,0,131468,0,0,0,8807,0,0,457443,354148,0,2653090,0,0,503233,0,35440,1580452,0,0,0,1339957,663753,108972,0,67118,0,0,2286.05,0,275.38,650.53,0,1635.52,0,275.38,6.28,0,0.76,1.79,0,4.5,0,0.76,930064,2203168,0,0,0,0,0
12/31/2018,3156,52462,104348,59,3686,0,137344,0,0,114,19013,0,0,753093,508351,0,2060565,0,0,575075,0,35608,771911,0,0,0,1526415,873277,161096,0,0,0,0,723.78,0,1997.47,160.54,0,563.25,0,1997.47,1.99,0,5.49,0.44,0,1.55,0,5.49,930064,0,0,0,0,0,0
1/7/2019,4222,78969,126437,80,5282,0,70030,0,0,163,25129,1567244,0,4076476,415719,0,2517817,0,0,720186,0,176237,1715099,0,0,0,1616956,874830,219547,0,0,0,0,994.1,0,1033.72,57.8,0,936.31,0,1033.72,2.73,0,2.84,0.16,0,2.57,0,2.84,930064,1648197,0,0,0,0,0
1/14/2019,4492,82362,132148,44,6506,0,31532,420,0,195,30780,2238834,0,4120890,376369,0,5549515,0,0,679297,0,230048,2214437,0,0,0,1608883,831016,215269,0,0,0,0,6037.4,0,728.09,514.47,0,5522.93,0,728.09,16.6,0,2,1.41,0,15.18,0,2,930064,1648197,1280.6,0,0,0,0
1/21/2019,3963,77201,132338,112,6036,0,30404,887,0,108,34673,2078311,0,3770280,340806,53102,8221342,0,0,710688,0,245767,1970325,0,0,0,2589173,810498,202502,0,0,0,0,41361.61,0,0.07,11351.64,0,30009.97,0,0.07,113.7,0,0,31.21,0,82.5,0,0,930064,1648197,1106.5,0,0,0,0
1/28/2019,3887,87288,149805,61,6703,0,77929,2126,0,194,28121,1351245,0,2590230,345856,120539,10013879,0,0,657155,0,345408,1959168,0,0,0,3758249,776024,203580,0,0,0,0,44982.07,0,281.49,8976.28,0,36005.79,0,281.49,123.66,0,0.77,24.68,0,98.98,0,0.77,930064,1648197,1664.6,0,0,0,0
2/4/2019,4020,88871,104874,203,5688,0,93655,1326,0,234,31381,0,0,0,360075,81082,1143362,0,0,1172248,0,88708,193303,0,0,0,632060,76453,204107,0,0,0,0,51376.39,0,0,9237.3,0,42139.08,0,0,141.23,0,0,25.39,0,115.84,0,0,930064,1648197,1109.2,0,0,0,0
2/11/2019,3257,62619,79698,394,4142,0,121310,274,0,227,35723,0,0,554349,382994,11723,3,0,0,699453,0,0,0,0,0,0,0,0,203504,0,0,0,0,48290.2,0,397.42,11721.63,0,36568.57,0,397.42,132.75,0,1.09,32.22,0,100.53,0,1.09,0,1648197,974.2,0,0,0,0
2/18/2019,3685,58688,45244,422,4570,0,167121,0,0,214,44406,2151285,0,653958,339897,0,1908798,0,0,718624,0,0,0,0,0,0,0,0,210098,0,0,0,0,45001.58,0,455.81,12872.15,0,32129.43,0,455.81,123.71,0,1.25,35.39,0,88.32,0,1.25,0,1648197,797.1,0,0,0,0
2/25/2019,3256,40838,12930,427,4305,0,155340,0,0,205,52268,2164557,0,109539,318328,0,4430530,0,0,726223,0,0,147591,0,0,0,225388,15929,156193,0,0,0,0,6899.66,0,729.82,1497.8,0,5401.86,0,729.82,18.97,0,2.01,4.12,0,14.85,0,2.01,0,1648197,0,0,0,0,0
3/4/2019,3558,70330,22892,334,4379,0,145077,0,0,228,37953,2181540,0,403351,278831,0,1167004,0,0,760984,0,0,275178,0,0,0,0,0,58501,0,0,0,0,44985.85,0,875.02,7532.04,0,37453.81,0,875.02,123.67,0,2.41,20.71,0,102.96,0,2.41,0,1648197,0,0,0,0,0
3/11/2019,3888,93767,44108,249,4277,0,129870,0,0,216,33201,1179291,0,348699,73744,75733,1144343,192483,0,922357,23024,0,385758,0,0,0,0,0,72222,0,0,0,0,2497.66,0,545.62,495.75,0,2001.91,0,545.62,6.87,0,1.5,1.36,0,5.5,0,1.5,0,1648197,0,0,0,0,0
3/18/2019,3841,103712,57150,196,3918,0,144821,0,0,201,36986,2135276,0,903751,0,238688,1335041,48469,0,891707,29141,0,447792,0,0,0,27542,68254,57443,0,0,0,0,41104.76,0,728.84,2649.48,0,38455.27,0,728.84,113,0,2,7.28,0,105.71,0,2,0,1648197,0,0,0,0,0
3/25/2019,3650,98159,75612,244,3247,0,155034,0,0,190,40806,2309134,0,496557,0,247951,1257802,15686,0,848547,28722,0,329631,0,0,0,129874,91142,62331,0,0,0,0,3209.23,0,427.97,110.75,0,3098.49,0,427.97,8.82,0,1.18,0.3,0,8.52,0,1.18,0,1648197,0,0,0,0,0
4/1/2019,3644,85692,68724,293,13273,0,146334,0,0,328,17855,2618802,0,517917,0,235801,1283749,0,0,882873,46979,0,157164,0,0,0,61430,0,61171,0,0,0,0,1811.54,0,321.87,144.55,0,1666.99,0,321.87,4.98,0,0.89,0.4,0,4.58,0,0.88,0,0,0,0,0,0,0
4/8/2019,3622,92204,58894,333,18548,0,155305,0,0,316,10164,2359992,0,428228,225498,209406,1327284,0,0,1288161,197612,0,154965,0,0,0,71501,0,95267,0,0,0,0,4320.52,0,0,633.67,0,3686.85,0,0,11.88,0,0,1.74,0,10.14,0,0,0,0,0,0,0,0,0
4/15/2019,3233,75693,53468,336,29409,0,146956,0,0,464,11785,2355076,0,406542,213575,386492,1618542,0,0,708135,168145,53836,160619,0,0,0,132062,0,13727,0,0,0,0,3859.49,0,0,203.09,0,3656.4,0,0,10.61,0,0,0.56,0,10.05,0,0,0,0,0,0,0,0,0
4/22/2019,3204,78638,52697,348,42301,0,179375,0,0,421,10811,2438262,0,410434,222344,693093,1703327,0,0,12130,86208,164894,263160,0,0,0,162054,0,1440,107277,0,0,0,5340.17,0,0,237.19,0,5102.98,0,0,14.68,0,0,0.65,0,14.03,0,0,0,0,0,0,0,0,0
4/29/2019,3321,61656,42389,424,52884,0,174748,0,0,342,14231,2612445,12489,422931,224152,809653,2115315,0,0,19699,79787,283950,424224,0,0,0,176128,0,1839,114862,0,0,0,8857.61,0,311.45,721.87,0,8135.73,0,311.45,24.35,0,0.86,1.98,0,22.37,0,0.86,0,0,0,0,0,0,0
5/6/2019,2968,47217,39909,461,62718,0,146036,0,0,332,11447,3193723,55349,409863,208375,440939,1803904,49830,0,29380,60511,282669,709679,0,0,0,171205,0,1365,100604,0,0,0,15815.31,0,0,661.6,0,15153.71,0,0,43.48,0,0,1.82,0,41.66,0,0,0,0,0,0,0,0,0
5/13/2019,3152,47641,28707,480,63557,0,135837,0,0,292,13919,3179516,74495,395054,226379,324172,1839431,174525,0,30355,91841,234135,828239,0,0,0,157153,0,12313,167126,0,0,0,7332.54,0,0,374.23,0,6958.32,0,0,20.16,0,0,1.03,0,19.13,0,0,0,0,0,0,0,0,0
5/20/2019,2948,64155,46643,522,89718,0,175383,0,0,289,17544,2907558,137274,395320,234432,442106,2081265,165535,0,51499,227366,320111,827726,0,0,0,161331,0,34098,231750,0,0,0,21992.2,0,0,1859.58,0,20132.62,0,0,60.46,0,0,5.11,0,55.34,0,0,0,0,0,0,0,0,0
5/27/2019,3313,67888,41039,505,59134,0,168565,0,0,369,18845,3105548,128096,168828,2498848,1369813,2226937,600819,494611,35667,364593,316377,764138,0,0,0,177480,0,2879,326202,0,0,0,1097.6,0,0,268.35,0,829.25,0,0,3.02,0,0,0.74,0,2.28,0,0,0,0,0,0,0,0,0
6/3/2019,3305,65875,35674,546,26324,0,116404,0,0,283,23876,3300586,74921,48455,8598798,664801,2489742,3634795,696620,12371,321881,398540,895801,0,0,0,181772,0,50070,487949,0,0,0,30083.84,0,0,3989.93,0,26093.91,0,0,82.7,0,0,10.97,0,71.73,0,0,0,0,0,0,0,9483,0
6/10/2019,3202,62417,36486,559,5721,200,158710,0,0,319,24669,3117642,74663,43926,4756378,661461,2544655,3785270,1228408,11065,212514,362866,1125008,103291,0,0,195535,0,137040,560108,0,0,0,2326.79,0,0,126.75,0,2200.03,0,0,6.4,0,0,0.35,0,6.05,0,0,0,0,0,0,0,0,0
6/17/2019,3170,67158,41564,463,11520,646,167364,0,0,328,30714,3035697,67905,215174,0,758640,3147807,2011488,1019783,7827,295053,523761,1135995,229545,0,0,165509,0,145869,827456,0,0,0,32847.89,0,0,3697.81,0,29150.09,0,0,90.3,0,0,10.17,0,80.13,0,0,0,0,0,0,0,0,0
6/24/2019,3260,70540,51755,557,11136,526,196333,0,0,310,36176,2239869,69720,281396,0,589072,2867182,1595732,1000894,6607,344157,425669,1121172,197451,0,0,143431,0,83977,1051599,0,0,0,3749.61,0,0,169.22,0,3580.39,0,0,10.31,0,0,0.47,0,9.84,0,0,0,0,0,0,0,0,0
7/1/2019,3066,66971,51497,498,11132,444,185236,0,0,311,25937,710472,69923,288213,0,260141,1191240,255079,992915,0,103258,330502,374284,0,0,0,21152,0,133983,189728,0,0,0,2999.22,0,0,761.58,0,2237.63,0,0,8.25,0,0,2.09,0,6.15,0,0,0,0,0,0,0,0,0
7/8/2019,3489,62717,52051,563,10678,648,152437,0,0,339,26725,2122875,68042,296895,0,256624,1157223,0,1035327,0,868517,26862,746481,0,0,0,52510,0,172021,200103,0,0,147492,4202.25,0,0,1418.06,0,2784.19,0,0,11.55,0,0,3.9,0,7.65,0,0,0,0,0,0,0,0,0
7/15/2019,3930,59877,44679,623,15420,601,254701,0,0,369,22811,2568493,79359,209339,0,332023,1060901,0,263737,0,56525,70438,125197,0,0,0,74415,0,168897,188742,0,0,199853,2524.8,0,0,426.32,0,2098.48,0,0,6.94,0,0,1.17,0,5.77,0,0,0,0,0,0,0,0,0
7/22/2019,3663,63750,49963,303,12747,521,269035,0,0,326,23539,2513875,63252,0,0,421649,1064055,0,0,0,68846,24344,0,0,0,237208,81993,0,173095,229553,0,0,215785,4606.1,0,0,252.34,0,4353.76,0,0,12.66,0,0,0.69,0,11.97,0,0,0,0,0,0,0,0,0
7/29/2019,3687,67845,43325,258,11592,507,263362,0,0,370,30298,2643220,63276,608235,0,495908,1080782,303561,0,0,887397,273716,0,0,0,71471,101660,0,171546,256845,0,0,96136,6088.48,0,0,495.71,0,5592.77,0,0,16.74,0,0,1.36,0,15.37,0,0,0,0,0,0,0,0,0
8/5/2019,3653,66014,52973,218,11186,509,250544,0,0,409,22384,2599637,71198,740447,0,405781,1073080,744785,0,0,69548,1115922,0,0,0,1465065,177358,0,170998,262639,0,0,0,2798.49,0,0,212.25,0,2586.24,0,0,7.69,0,0,0.58,0,7.11,0,0,0,0,0,0,0,0,0
8/12/2019,3736,65978,56608,432,18298,584,234554,0,0,549,9861,2594073,72056,977724,0,579243,1107036,976016,0,0,136216,1363537,0,0,0,331,173240,0,155918,142518,0,0,0,3253.26,0,0,215.51,0,3037.75,0,0,8.94,0,0,0.59,0,8.35,0,0,0,0,0,0,0,0,0
8/19/2019,4540,58938,43482,294,6885,813,216056,0,0,489,10282,2555367,211052,647670,0,456465,1120370,1325432,0,0,112286,1392174,0,0,0,367905,164115,0,86196,62682,0,0,0,2342.13,0,0,49.49,0,2292.64,0,0,6.44,0,0,0.14,0,6.3,0,0,0,0,0,0,0,0,0
8/26/2019,3979,51326,44540,348,9649,569,204003,0,0,448,13637,2443038,222395,230763,0,210904,1099181,953019,0,0,731443,1459562,0,0,0,0,153478,0,66720,57420,0,0,100810,1439.05,0,0,390.85,0,1048.21,0,0,3.91,0,0,1.06,0,2.85,0,0,0,0,0,0,0,0,0
9/2/2019,3943,57211,45488,336,15114,573,206886,0,0,435,12909,2392785,148364,68619,0,215136,2111893,978373,0,0,647700,1035748,0,0,0,0,160332,0,0,0,0,0,82120,2140.03,0,0,151.36,0,1988.67,0,0,5.81,0,0,0.41,0,5.4,0,0,0,0,0,0,0,0,0
9/9/2019,4618,65708,52417,468,27716,651,224918,0,0,419,15717,1765088,149791,77946,0,301302,2066198,759485,0,0,168959,745587,0,0,0,8948,144327,0,0,1095,0,0,169791,2340.51,0,0,1061.5,0,1279.02,0,0,6.36,0,0,2.88,0,3.47,0,0,0,0,0,0,0,0,0
9/16/2019,4167,73891,58487,385,18815,751,235855,0,0,440,18354,1504425,156688,264206,0,251004,1236312,560287,0,0,1450687,25057,0,0,0,345966,296890,0,0,111944,0,0,0,331.18,0,0,255.31,0,75.87,0,0,0.9,0,0,0.69,0,0.21,0,0,0,0,0,0,0,0,0
9/23/2019,4895,77680,49327,405,12417,715,230600,0,0,383,31930,1267397,113099,335264,0,444911,1429458,0,0,0,2490500,46066,0,0,0,55313,143503,0,0,144878,0,0,0,39517.17,0,0,10088.72,0,29428.46,0,0,107.31,0,0,27.4,0,79.92,0,0,0,0,552.6,0,0,4190,0
9/30/2019,4967,74668,47027,540,6474,563,224145,0,0,297,38028,427452,256740,0,0,453859,412360,0,0,0,1657912,25527,0,0,0,481202,81654,0,0,281348,0,0,0,36087.06,0,0,11731.48,0,24355.58,0,0,98,0,0,31.86,0,66.14,0,0,0,0,1028.6,0,0,5219,0
10/7/2019,4863,64407,50715,481,2906,647,205989,0,0,284,25466,418901,284849,0,0,381163,0,0,0,0,1139874,163275,0,0,0,1449153,54264,0,0,236062,0,0,0,37272.89,0,0,9790.32,0,27482.57,0,0,101.22,0,0,26.59,0,74.63,0,0,0,0,844.1,0,0,0,0
10/14/2019,4504,68264,52603,343,4427,656,201509,0,0,272,33836,430875,254234,0,0,186642,0,0,0,0,1778747,153280,0,0,0,704160,53721,0,0,300585,0,0,55046,29450.1,0,0,6774.15,0,22675.95,0,0,79.98,0,0,18.4,0,61.58,0,0,0,0,631.6,0,0,0,0
10/21/2019,4921,84160,63056,440,3356,621,195417,0,0,244,41160,424188,256812,0,0,640574,0,0,0,0,3339372,186431,0,0,0,689733,49779,0,0,277100,0,0,0,1005.2,0,0,413.4,0,591.8,0,0,2.73,0,0,1.12,0,1.61,0,0,0,0,0,0,0,0,0
10/28/2019,4367,93512,86624,494,5413,736,200164,0,0,226,50798,728077,303526,60277,0,280712,0,0,0,0,3198138,159026,0,0,0,1101286,30518,0,0,307415,0,0,108302,8212.8,0,0,3694.53,0,4518.27,0,0,22.3,0,0,10.03,0,12.27,0,0,0,0,0,0,0,5450,0
11/4/2019,4872,89338,71124,614,3085,640,172485,0,0,245,42995,1386957,331275,203668,0,169914,0,0,0,0,2283431,171931,0,0,0,857157,55037,0,0,305576,0,0,0,40822.53,0,0,11250.01,0,29572.52,0,0,110.86,0,0,30.55,0,80.31,0,0,0,0,0,0,0,0,0
11/11/2019,4625,75314,40960,614,2528,588,166311,0,0,177,33591,1241218,312421,196697,0,275427,0,0,0,0,573193,155287,0,0,0,1103289,202669,0,0,219591,0,0,0,36060.62,0,0,10356.25,0,25704.38,0,0,97.93,0,0,28.12,0,69.8,0,0,0,0,0,0,0,4646,0
11/18/2019,3581,42086,18406,915,3857,550,177218,0,0,210,33868,1693571,300782,184270,0,937579,1,0,0,0,558233,157591,0,43,0,1835234,233674,0,0,219440,0,0,0,5448.47,0,0,3664.36,0,1784.11,0,0,14.8,0,0,9.95,0,4.84,0,0,0,0,0,0,0,0,0
11/25/2019,3150,35605,18572,1200,2737,625,96340,0,0,228,27191,1926191,213466,98046,0,885191,0,0,0,0,745102,152154,0,102441,0,1470551,172172,0,0,199958,0,0,0,11460.41,0,0,5588.03,0,5872.37,0,0,31.12,0,0,15.17,0,15.95,0,0,0,0,0,0,0,11182,0
12/2/2019,3369,53610,33667,1448,7838,532,129490,0,0,268,33900,2337585,133544,0,0,727944,0,0,0,0,137708,162084,0,265999,0,116,188104,0,0,3418,0,0,0,47500.12,0,0,13124.14,0,34375.97,0,0,128.99,0,0,35.64,0,93.35,0,0,0,0,0,0,0,0,0
12/9/2019,4208,74038,58813,2020,9787,806,174763,1327,0,191,39448,2407578,126473,0,0,1115330,0,0,0,0,127476,147731,0,292057,0,0,186988,0,0,1491,0,0,0,35362.17,0,0,8357.19,0,27004.98,0,0,96.03,0,0,22.69,0,73.34,0,0,0,0,0,0,0,0,0
12/16/2019,3737,82164,64087,2290,8009,497,139900,1895,0,204,38651,1879443,130153,0,0,565074,0,0,0,0,114393,162683,0,0,0,0,190409,0,0,73675,0,0,0,1786.2,0,0,659.07,0,1127.13,0,0,4.85,0,0,1.79,0,3.06,0,0,0,0,0,0,0,0,0
12/23/2019,2574,55171,45425,1350,14849,275,64539,0,0,199,35405,1906025,139915,0,0,613350,0,0,0,0,83761,141148,0,0,0,0,206142,0,0,9,0,0,0,2401.29,0,0,326.39,0,2074.9,0,0,6.52,0,0,0.89,0,5.63,0,0,0,0,0,0,0,0,0
12/30/2019,4011,80944,63410,1573,24478,401,146241,0,0,208,36418,2254064,0,0,0,0,0,0,0,0,66592,69367,0,0,0,0,105155,0,0,1,0,0,0,1150.34,0,0,322.16,0,828.18,0,0,3.12,0,0,0.87,0,2.25,0,0,0,0,0,0,0,0,0
1/6/2020,5793,79497,56531,1703,14013,558,220938,0,0,331,31623,2061197,0,0,0,0,0,0,0,0,114355,22451,0,0,0,0,0,0,0,0,0,0,0,69069.16,0,0,19755.04,0,49314.12,0,0,187.57,0,0,53.65,0,133.92,0,0,0,0,0,0,0,0,0
1/13/2020,4981,58973,51203,1326,8738,546,215755,0,0,388,32443,2476800,0,0,0,0,0,0,0,0,211928,0,0,0,0,0,0,0,0,0,0,0,0,56193.57,0,0,17216.19,0,38977.38,0,0,152.6,0,0,46.75,0,105.85,0,0,0,0,0,0,0,0,0
1/20/2020,5459,28160,19388,886,6050,605,214490,0,0,335,24790,2350810,0,0,0,0,0,0,0,0,237117,1,0,0,0,0,0,0,0,0,0,0,0,56542.89,0,0,14440.1,0,42102.79,0,0,153.55,0,0,39.21,0,114.34,0,0,0,0,452,0,0,4426,0
1/27/2020,7631,37701,33369,1220,7512,601,188707,0,0,416,23743,2299218,0,0,0,0,0,0,0,0,555524,0,0,0,0,0,0,0,0,0,0,0,0,478.03,0,0,114.7,0,363.33,0,0,1.3,0,0,0.31,0,0.99,0,0,0,23396040,444.6,0,0,5453,0
2/3/2020,6201,59972,37840,1256,7994,617,160321,0,0,563,28764,2445386,0,0,0,0,16546,0,0,0,636430,0,0,0,0,0,54369,0,0,0,0,0,0,51509.12,0,0,18544.89,0,32964.23,0,0,139.88,0,0,50.36,0,89.52,0,0,0,23396040,455,0,0,4985,0
2/10/2020,5721,57436,44575,1622,9816,789,205369,0,0,623,36369,2616247,0,0,0,0,60654,0,0,0,862213,0,0,0,0,0,98935,0,0,0,0,0,0,46428.28,0,0,14651.99,0,31776.29,0,0,126.08,0,0,39.79,0,86.29,0,0,0,23396040,454.5,0,0,5647,0
2/17/2020,6593,58158,43023,3757,9607,713,208718,0,0,575,37528,2575121,0,0,0,0,56413,0,0,0,1118985,0,0,0,0,0,146132,0,0,0,0,0,0,47098.29,0,0,13927.2,0,33171.08,0,0,127.9,0,0,37.82,0,90.08,0,0,0,23396040,476.3,0,0,0,0
2/24/2020,6735,61913,36479,5484,15609,816,211424,0,0,356,36810,2878223,0,0,0,0,57681,0,0,0,1244949,0,0,0,0,0,141972,0,0,0,0,0,0,23254.87,0,0,14766.98,0,8487.89,0,0,63.15,0,0,40.1,0,23.05,0,0,0,0,0,0,0,5924,0
3/2/2020,6054,61611,33385,1406,10552,673,183788,0,0,340,18663,2778928,0,0,0,0,62960,0,0,0,388975,0,0,0,0,0,206061,0,0,0,0,0,0,676.02,0,0,122.95,0,553.08,0,0,1.84,0,0,0.33,0,1.5,0,0,0,0,0,0,0,6002,0
3/9/2020,8619,74006,42248,1348,8274,757,169346,0,0,0,0,3816617,0,0,0,0,72733,0,0,0,391047,0,0,0,0,0,169688,0,0,0,0,0,0,837,0,0,679.06,0,157.94,0,0,2.27,0,0,1.84,0,0.43,0,0,0,0,0,0,0,4688,0
3/16/2020,5778,73340,40031,1355,9778,484,115317,0,0,0,0,3938241,0,0,0,0,86371,0,0,0,398937,0,0,0,0,0,127804,0,0,0,0,0,0,1128.32,0,0,973.43,0,154.9,0,0,3.06,0,0,2.64,0,0.42,0,0,0,0,0,0,0,0,0
3/23/2020,4766,65643,38996,1323,10554,776,81841,0,0,0,0,3587424,0,0,0,0,0,0,0,0,414468,0,0,0,0,0,7319,0,0,0,0,0,0,98.74,0,0,93.41,0,5.34,0,0,0.27,0,0,0.25,0,0.01,0,0,0,0,0,0,0,0,0
3/30/2020,4687,47473,32392,1381,9767,925,83008,0,0,0,0,833550,0,0,0,0,0,0,0,0,397847,0,0,0,0,0,0,0,0,0,0,0,0,395.08,0,0,370.95,0,24.13,0,0,1.07,0,0,1.01,0,0.07,0,0,0,0,0,0,0,5922,0
4/6/2020,4195,50043,32374,1398,8781,603,79003,0,0,0,0,2920630,0,0,0,0,0,0,0,0,396960,0,0,0,0,0,0,0,0,0,0,0,0,285.26,0,0,175.61,0,109.65,0,0,0.78,0,0,0.48,0,0.3,0,0,0,0,0,0,0,5189,0
4/13/2020,4469,53460,32679,1501,10482,663,85117,0,0,0,0,2622710,0,0,0,266332,0,0,0,0,411683,0,0,0,0,0,0,0,0,0,0,0,0,238.34,0,0,126.19,0,112.15,0,0,0.65,0,0,0.34,0,0.3,0,0,0,0,0,0,0,0,0
4/20/2020,4656,62357,40637,1597,11686,773,93992,0,0,0,0,1238358,0,0,0,0,0,0,0,0,282034,0,0,0,0,0,0,0,0,0,0,0,0,500.29,0,0,177.46,0,322.83,0,0,1.36,0,0,0.48,0,0.88,0,0,0,0,0,0,0,0,0
4/27/2020,3685,35710,19382,2003,11118,702,77494,0,0,0,0,5751279,0,0,0,0,1564457,0,0,0,85110,0,0,0,0,0,0,0,0,0,0,0,0,116.76,0,0,70.9,0,45.87,0,0,0.32,0,0,0.19,0,0.12,0,0,0,0,0,0,0,0,0
5/4/2020,3737,26679,17743,1958,9176,2369,59487,0,0,0,0,5916426,0,547945,0,0,3931210,0,0,0,122017,0,0,0,0,0,0,0,0,0,0,0,0,712.4,0,0,640.9,0,71.5,0,0,1.94,0,0,1.74,0,0.19,0,0,0,0,0,0,0,0,0
5/11/2020,5844,28223,17868,1564,8284,1713,52638,0,0,0,0,1618553,0,3133522,0,0,0,1285391,0,0,72397,0,0,0,0,0,0,0,0,0,0,0,0,219.49,0,0,112.3,0,107.19,0,0,0.6,0,0,0.3,0,0.29,0,0,0,0,0,0,0,0,0
5/18/2020,4494,21071,12789,1510,6752,1793,65541,0,0,0,0,1270153,0,2940713,0,0,0,1410933,0,0,67614,0,0,0,0,0,0,0,0,0,0,0,0,188.74,0,0,120.66,0,68.08,0,0,0.51,0,0,0.33,0,0.18,0,0,0,0,0,0,0,0,0
5/25/2020,3658,20048,18211,1396,5473,674,57886,0,1473,0,0,1120245,0,5916643,0,0,409466,1326772,0,0,232357,0,0,0,0,0,0,0,0,0,0,0,0,300.19,0,0,234.17,0,66.03,0,0,0.82,0,0,0.64,0,0.18,0,0,0,0,0,0,0,12168,0
6/1/2020,1202,13712,13685,4347,6372,1005,76649,351,8075,0,0,0,0,0,0,0,4585744,205689,0,0,880142,0,0,0,0,0,0,0,0,0,0,0,0,195.02,0,0,164.84,0,30.18,0,0,0.53,0,0,0.45,0,0.08,0,0,0,0,0,0,0,5759,0
6/8/2020,1469,22915,14852,4579,6876,899,59370,573,14957,0,0,1615968,0,884706,0,0,7663589,12080,0,0,1566021,0,0,0,0,0,0,0,0,0,0,0,0,107.71,0,0,46,0,61.71,0,0,0.29,0,0,0.12,0,0.17,0,0,0,0,0,0,0,0,0
6/15/2020,1395,23449,14355,1683,5897,1569,72060,654,15015,0,0,1501490,0,5959060,0,0,7975592,1463022,0,0,1652249,0,0,0,0,0,0,0,0,0,0,0,0,89.15,0,0,56.99,0,32.16,0,0,0.24,0,0,0.15,0,0.09,0,0,0,0,0,0,0,11112,0
6/22/2020,2094,20148,20594,1985,5226,2600,103608,819,14617,0,0,784550,0,321722,0,0,7424589,2719712,0,0,1411929,0,0,0,0,0,0,0,0,0,0,0,0,302.8,0,0,276.49,0,26.3,0,0,0.82,0,0,0.75,0,0.07,0,0,0,0,0,0,0,15398,0
6/29/2020,1353,25651,24507,4526,5529,2368,164179,745,14748,0,0,13943,0,395182,0,0,3229988,2477141,0,0,853414,0,0,0,0,0,0,0,0,0,0,0,0,22.35,0,0,0.09,0,22.26,0,0,0.06,0,0,0,0,0.06,0,0,0,0,0,0,0,0,0
7/6/2020,1889,30980,20071,4324,6131,1302,124303,973,16724,0,0,0,0,412221,0,0,0,1162913,0,0,68303,0,0,0,0,0,0,0,0,0,0,0,0,119.82,0,0,96.47,0,23.35,0,0,0.33,0,0,0.26,0,0.06,0,0,0,0,0,0,0,0,0
7/13/2020,2646,29791,17598,3975,5337,1072,105618,1638,19048,0,0,0,0,453323,0,118478,0,1049736,225,0,83089,0,0,0,0,0,0,0,0,0,0,0,0,109.31,0,0,100.51,0,8.8,0,0,0.3,0,0,0.27,0,0.02,0,0,0,0,0,0,0,0,0
7/20/2020,2023,28740,23918,3248,4585,1197,109690,1853,17269,0,0,0,0,458445,0,100564,0,1101720,2113,0,80013,0,0,0,0,0,0,0,0,252507,0,0,0,38.15,0,0,0.6,0,37.55,0,0,0.1,0,0,0,0,0.1,0,0,0,0,0,0,0,0,0
7/27/2020,2357,30172,34509,3547,3321,1496,103788,2458,17297,0,0,0,0,439920,0,60935,0,1128358,5786,0,244662,0,0,0,0,0,0,0,0,673953,0,0,0,88.36,0,0,88.36,0,0,0,0,0.24,0,0,0.24,0,0,0,0,0,0,0,0,0,0,0
8/3/2020,1647,29905,28711,5624,4941,1311,111086,2656,18808,0,0,0,0,484806,0,81808,0,686192,5518,0,887054,0,0,0,0,0,0,0,0,697991,0,0,0,652.19,0,0,408.76,0,243.43,0,0,1.77,0,0,1.11,0,0.66,0,0,0,0,0,0,45.6,0,0
8/10/2020,959,33530,17893,7102,6323,1149,133616,2377,16765,0,0,0,0,434634,0,65225,3356415,899049,5794,0,1325359,0,0,0,0,0,0,0,0,633190,0,0,0,701.46,0,0,319.94,0,381.52,0,0,1.91,0,0,0.87,0,1.04,0,0,0,0,0,0,72.9,0,0
8/17/2020,869,29798,11322,7817,5643,1222,143735,2213,15035,0,0,0,0,426256,0,62128,3956129,1325876,5096,0,1260218,0,0,0,0,0,0,0,0,233303,0,0,0,284.78,0,0,78.23,0,206.55,0,0,0.77,0,0,0.21,0,0.56,0,0,0,0,0,0,0,11576,0
8/24/2020,861,34272,34068,7931,8663,1326,209461,2100,15909,0,0,652597,0,274975,0,60730,4597936,1249601,2120,0,1131821,0,0,0,0,0,0,0,0,280271,0,0,0,490.96,0,0,13.65,0,477.31,0,0,1.33,0,0,0.04,0,1.3,0,0,0,0,0,0,0,20749,0
8/31/2020,827,24223,25637,6685,11874,1100,145228,2090,16716,0,0,1055154,0,406898,0,87530,4531543,1053976,1233957,0,910340,0,0,0,0,0,0,0,0,571908,0,0,0,752.19,0,0,88.12,0,664.07,0,0,2.01,0,0,0.24,0,1.78,0,0,0,0,0,0,0,0,0
9/7/2020,661,32445,15604,8581,25346,1117,139218,1602,13123,0,0,1544755,0,562285,0,41474,4563716,1350219,3152975,0,747902,0,0,10049,0,0,0,0,0,103207,0,0,0,327.66,0,0,84.08,0,243.58,0,0,0.88,0,0,0.22,0,0.65,0,0,0,0,0,0,0,0,0
9/14/2020,887,36208,39517,13191,37952,1470,212904,875,6249,0,0,1117723,0,688377,0,34297,4634440,994210,3913572,0,100171,0,0,13031,0,0,0,0,0,0,0,0,0,438.41,0,0,65.56,0,372.85,0,0,1.17,0,0,0.18,0,1,0,0,0,0,0,0,0,0,0
9/21/2020,935,44341,35435,8907,29548,1606,193762,937,6956,0,0,558035,39410,391295,0,242075,4394288,775268,4386373,0,146879,0,1866130,14262,0,0,0,0,0,248287,0,0,0,525.82,0,0,23.67,0,502.16,0,0,1.41,0,0,0.06,0,1.34,0,0,0,0,0,0,0,5743,0
9/28/2020,934,42892,15126,8681,35510,1295,199759,1002,5239,0,0,316105,51691,189687,0,406488,4093999,794527,2095797,0,1050349,0,3119681,1713,0,0,0,0,0,342856,0,0,0,383.87,0,0,96.6,0,287.27,0,0,1.03,0,0,0.26,0,0.77,0,0,0,0,0,0,0,8069,0
10/5/2020,817,38283,13579,10042,23334,1401,135240,2452,11567,0,0,84475,45818,172952,0,278543,83,3351868,1526776,0,1435903,0,4296329,0,0,0,0,0,0,380933,0,0,0,55786.69,0,0,18953.5,0,36833.2,0,0,149.13,0,0,50.67,0,98.46,0,0,0,0,0,0,0,0,0
10/12/2020,817,74782,19118,7304,23917,1417,139769,3011,25173,0,0,426795,46514,103342,0,345618,20,2786600,1469113,0,1971829,0,3881178,0,0,0,0,0,0,54452,0,0,0,54485.69,0,0,16568.8,0,37916.89,0,0,145.65,0,0,44.29,0,101.36,0,0,0,0,0,0,0,0,0
10/19/2020,2554,94678,19068,8663,39628,1658,94707,2693,23156,0,0,1700271,43716,466087,0,564439,1450543,1689462,1132252,0,3146269,0,3930416,0,0,0,35167,0,0,0,0,0,0,52358.24,0,0,15261.69,0,37096.55,0,0,139.96,0,0,40.8,0,99.16,0,0,0,0,0,0,0,14008,0
10/26/2020,2330,114771,12616,6553,44518,1586,105887,3361,12491,0,0,2971582,43153,333231,0,462970,2159526,2507622,1017098,0,3643385,0,3601093,0,0,0,359688,0,0,371871,0,0,0,13848.47,0,0,7773.15,0,6075.33,0,0,37.02,0,0,20.78,0,16.24,0,0,0,0,0,0,0,0,0
11/2/2020,2417,113260,2034,7156,73984,1482,111716,2032,17125,0,0,3338015,10709,254222,154743,721885,2889319,3124792,752000,0,4409422,0,1397984,0,0,0,564320,0,0,272081,0,0,0,68323.24,0,0,26784.17,0,41539.07,0,0,182.64,0,0,71.6,0,111.04,0,0,0,0,0,0,0,7220,0
11/9/2020,2653,87454,2851,8330,85065,1602,117892,2423,30076,0,0,3265119,14,42657,1604520,695710,3028232,2292461,434982,0,4566352,0,585999,0,0,0,537274,0,0,247176,0,0,0,49938.81,0,0,16467.2,0,33471.6,0,0,133.49,0,0,44.02,0,89.47,0,0,0,0,0,0,0,6252,0
11/16/2020,2008,89574,13090,7078,79402,1348,93559,2269,64184,0,0,3078332,15,446715,1640204,498413,2943388,1786546,504259,0,3319658,0,0,0,0,0,506977,0,0,104215,0,0,0,3305.36,0,0,2935.39,0,369.97,0,0,8.84,0,0,7.85,0,0.99,0,0,0,0,0,0,0,7268,4041
11/23/2020,1259,101968,21062,4530,81749,1643,118621,4106,48900,0,0,2674576,12,557587,1286739,746049,2579430,1670946,495412,0,1545187,0,0,1974,0,0,465553,0,0,222662,0,0,0,51022.22,10065.78,0,2256.88,9845.11,48765.34,220.67,0,136.39,26.56,0,6.03,26.32,130.36,0.24,0,0,6632959,0,0,0,0,720
11/30/2020,1493,60487,16890,5089,113655,1943,111702,4382,40159,0,0,3400152,0,605986,0,511145,3012667,1658980,831602,0,3640369,0,0,3792,0,0,493704,2,0,238733,0,0,0,49799.69,21961.07,0,1973.23,21680.09,47826.46,280.98,0,133.12,58.36,0,5.27,57.95,127.85,0.41,0,0,41758799,0,0,0,6146,0
12/7/2020,2872,71751,8375,4413,83053,2006,77170,3997,40947,218,10669,3961139,103,383681,0,319047,3467503,2049844,16910,0,5400825,0,87833,5233,0,0,478582,390620,0,233622,0,0,0,1068.52,16574.26,0,833.69,16429.87,234.83,144.39,0,2.86,44.16,0,2.23,43.92,0.63,0.24,0,0,41187453,0,0,0,0,1890
12/14/2020,2115,66036,7583,4805,78597,1400,94857,3771,36212,556,25001,4161791,107,667933,0,177680,3585209,2252652,15913,0,3098810,0,190464,5794,0,0,439893,1243199,0,33661,0,0,0,1115.61,19083.93,0,1105.36,18784.9,10.25,299.03,0,2.98,50.57,0,2.95,50.21,0.03,0.36,0,0,36590820,0,0,0,0,0
12/21/2020,2382,39212,795,3604,40654,1016,114516,3272,20634,307,8417,4331524,78,789611,0,87493,3366222,2239973,15495,0,1940754,0,186360,6132,0,0,439272,1444299,0,0,0,0,0,2126.56,0,0,324.73,0,1801.82,0,0,5.69,0,0,0.87,0,4.82,0,0,0,35829653,0,0,0,0,0
12/28/2020,2396,48796,0,4221,27600,758,106359,2848,11601,373,16081,4736259,121,255016,0,64893,2891608,1565861,10793,0,1558189,0,111063,4401,0,0,283097,1068381,0,0,0,9405,0,6835.15,0,0,2634.45,0,4200.7,0,0,18.27,0,0,7.04,0,11.23,0,0,0,2650471,0,0,0,0,0
1/4/2021,2665,85919,0,2906,23339,1070,142931,23,4206,658,18464,4214399,135,0,0,0,1613178,114,0,0,177532,0,21,0,0,0,581693,15,0,0,0,0,0,485.48,58.49,0,442.83,0,42.65,58.49,0,1.3,0.16,0,1.18,0,0.11,0.16,0,0,0,0,0,0,0,0
1/11/2021,2559,94825,0,621,10762,2117,153212,3139,12036,640,17630,3014498,3,383799,0,0,2210126,3219045,0,0,829857,0,1786,0,0,0,828428,1542,0,0,0,0,0,76092.76,74043.36,0,19833.39,28505.87,56259.36,45537.49,0,203.41,197.93,0,53.02,76.2,150.39,121.73,0,0,0,0,0,0,0,3904
1/18/2021,2423,102493,0,613,8171,2275,157736,2775,21586,638,15993,2807531,4,1275650,0,11548,1989270,5214027,0,0,1659207,0,69142,0,0,0,804602,578566,0,0,0,206774,0,74036.27,74241.56,0,23897.24,29900.65,50139.03,44340.91,0,197.91,198.46,0,63.88,79.93,134.03,118.53,0,0,0,0,0,0,15470,1633
1/25/2021,2368,115407,0,554,9525,1156,160676,2791,22505,646,14355,2486038,7,1472588,0,117885,1982207,891254,0,0,1909029,0,67688,0,0,0,748808,636887,0,0,0,246465,0,68637.47,64600.34,0,16478.11,23087.3,52159.37,41513.04,0,183.48,172.69,0,44.05,61.72,139.43,110.97,0,0,0,0,0,0,0,1026
2/1/2021,1264,131226,0,1557,10962,1656,169024,2699,25792,21,564,2675921,8,1775204,0,146599,2234780,4716943,0,0,1869362,0,68749,0,0,0,714226,606902,0,0,0,256914,0,1616.13,1418.53,0,0,0,1616.13,1418.53,0,4.32,3.79,0,0,0,4.32,3.79,0,0,0,0,0,0,0,0
2/8/2021,1181,111071,0,1786,7772,1420,164438,3095,15774,0,0,2571751,5,1881681,0,283290,2419204,4730957,0,0,1272403,0,69457,0,0,201190,726477,574387,0,0,179308,241000,0,56302.71,40618.38,0,14494.98,13063,41807.74,27555.39,0,150.51,108.58,0,38.75,34.92,111.76,73.66,0,0,0,0,0,0,15280,0
2/15/2021,1138,100610,0,1580,4758,1594,168405,3249,13305,0,0,2738860,1,1736406,0,263788,2661848,4385116,0,0,1356874,0,70696,0,0,246572,901263,608095,0,0,727123,260767,0,52988.38,17427.44,0,327.16,6454.99,52661.23,10972.45,0,141.65,46.59,0,0.87,17.26,140.77,29.33,0,6151750,0,0,0,0,14861,0
2/22/2021,1222,124485,0,1800,3391,1651,144750,3459,9626,0,0,2776583,12,1469230,0,224635,2452414,3439307,0,0,1284309,0,72277,0,0,152530,932462,590866,0,0,680250,237812,0,2775.58,37328.11,0,260.14,13498.25,2515.44,23829.87,0,7.42,99.78,0,0.7,36.08,6.72,63.7,0,6151750,0,0,0,0,0,0
3/1/2021,1131,118340,0,1602,3280,1598,132107,1294,5539,567,14339,2544492,10,1370749,0,215693,2615625,2307457,0,0,634123,0,72503,0,0,0,892840,546684,0,0,676651,242657,0,937.08,812.62,0,142.89,0,794.19,812.62,0,2.51,2.17,0,0.38,0,2.12,2.17,0,6151750,0,0,0,0,0,0
3/8/2021,944,89591,0,2436,4060,2068,109838,677,4555,606,13532,2311455,19,1269327,0,268837,2449038,2388327,0,0,373584,0,71552,0,0,0,875745,542042,0,0,663284,236503,0,1009.64,817.39,0,169.49,0,840.15,817.39,0,2.7,2.19,0,0.45,0,2.25,2.19,0,6151750,0,0,0,0,0,0
3/15/2021,987,96853,0,4136,7174,1992,108394,593,5472,576,12133,2176598,20,1203843,0,303249,2368782,1899429,0,44,368707,0,70014,0,0,0,843423,523557,0,0,656860,256436,0,1285.31,82.5,865.87,123.86,0,1161.45,82.5,865.87,3.44,0.22,2.32,0.33,0,3.1,0.22,2.31,0,0,0,0,0,0,0
3/22/2021,972,93438,0,3202,4073,2195,122449,597,4052,550,13215,1826173,1,1212041,1665571,240981,2243629,1852760,0,654868,537813,0,71214,0,0,0,827991,531157,0,0,630053,239984,0,1873.1,148.61,1358,360.05,0,1513.05,148.61,1358,5.01,0.4,3.63,0.96,0,4.04,0.4,3.63,0,0,0,0,0,0,0
3/29/2021,2344,87905,0,1666,3354,1868,132955,633,5474,476,14377,1404945,2,1453470,3823037,221083,1290418,1058397,0,896914,356577,41,70619,0,0,0,511658,592509,0,0,343501,237422,0,1069.77,154.58,996.46,37,0,1032.77,154.58,996.46,2.86,0.41,2.66,0.1,0,2.76,0.41,2.66,0,0,0,0,0,0,0
4/5/2021,1102,114408,0,2105,3143,2171,144201,586,5404,409,8092,1692702,1,1402546,4828055,142734,933627,569936,0,1039314,465384,164041,67864,0,0,0,67091,635229,0,0,0,242630,0,1463.38,168.67,1322.03,0.1,0,1463.29,168.67,1322.03,3.91,0.45,3.53,0,0,3.91,0.45,3.53,0,0,0,0,0,0,0
4/12/2021,1056,121303,0,2840,5228,2225,161767,2027,4986,460,12877,1802621,0,1329722,3018801,134664,2030060,552914,0,888957,931968,203262,65156,0,0,12809,129016,588782,0,0,0,251431,0,1974.71,436.06,899.24,199.76,0,1774.95,436.06,899.24,5.28,1.17,2.4,0.53,0,4.74,1.17,2.4,0,0,0,0,0,0,0
4/19/2021,1520,108827,0,2338,5561,2085,162833,2658,12613,431,18436,1522540,0,1240872,2967104,266986,1485114,459321,0,872139,994955,431019,53938,0,0,15095,86656,436032,0,0,0,235828,0,984.06,157.05,494.6,213.34,0,770.72,157.05,494.6,2.63,0.42,1.32,0.57,0,2.06,0.42,1.32,0,0,0,0,0,3790,0
4/26/2021,1307,158334,0,1213,2654,2066,161803,2521,15759,399,17662,1943878,4,1473790,3700489,343803,2386035,591249,0,951700,1309260,620065,63081,0,0,16156,114062,536535,0,0,0,242695,0,5442.75,986.79,3883.54,103.42,0,5339.34,986.79,3883.54,14.55,2.64,10.38,0.28,0,14.27,2.64,10.38,0,0,0,0,0,0,0
5/3/2021,1074,131855,0,2693,6859,2234,359240,2073,11946,320,13364,1918502,2,1333213,3258611,266062,2525863,521454,0,1303884,901347,598627,63945,0,0,15676,95227,581248,0,0,0,239992,0,2501.11,1117.15,974.68,72.14,0,2428.97,1117.15,974.68,6.69,2.99,2.61,0.19,0,6.49,2.99,2.61,0,0,0,0,0,2829,0
5/10/2021,1381,87615,3312,2118,6747,2145,494954,2044,5808,285,16704,1889166,3,1232157,2291121,263277,2511421,564383,0,1274574,938725,678781,64334,0,0,15575,430980,560013,0,0,0,241965,0,1925.16,1538.1,778.83,94.68,0,1830.48,1538.1,778.83,5.15,4.11,2.08,0.25,0,4.89,4.11,2.08,0,0,0,0,0,0,0
5/17/2021,957,81021,2523,2082,7335,2038,342360,2035,4753,327,16663,1826494,2,1145247,0,296200,2603949,517335,0,205558,824978,579738,66345,0,0,14487,502376,540039,0,0,0,241903,0,133.38,0,0,76.79,0,56.59,0,0,0.36,0,0,0.21,0,0.15,0,0,0,0,0,0,0,4668,0
5/24/2021,884,80305,2468,2584,5081,1865,272025,2576,10480,340,14794,1754067,4,1182205,0,293622,2581048,463019,0,3714,762453,626632,71240,0,0,14605,480277,516349,0,0,0,241203,0,437.37,0,0,101.36,0,336.01,0,0,1.17,0,0,0.27,0,0.9,0,0,0,0,0,0,0,0,0
5/31/2021,813,98523,3299,2175,2951,2075,225439,2848,13678,434,18678,1606959,3,1444460,0,272899,1881905,490535,0,191018,886771,716604,74543,0,0,12365,489461,533373,0,0,0,239095,0,384.36,0,0,339.66,0,44.7,0,0,1.03,0,0,0.91,0,0.12,0,0,0,0,0,0,0,1630,0
6/7/2021,2164,85020,0,3258,5619,1907,234916,1133,4753,397,16853,1519536,1,1171966,0,176732,1702474,507791,0,148914,234670,759907,70538,0,0,0,457305,514773,0,0,0,245951,0,43.02,0,0,8.23,0,34.79,0,0,0.12,0,0,0.02,0,0.09,0,0,0,0,0,0,0,0,0
6/14/2021,2550,31909,0,3795,6008,2001,215483,1135,5921,350,14435,1479880,3,1016299,0,169497,1761857,600201,0,153189,171943,838214,67665,0,0,0,429937,492995,0,0,0,236774,0,10.64,0,0,0.12,0,10.52,0,0,0.03,0,0,0,0,0.03,0,0,0,0,0,0,0,0,0
6/21/2021,3165,78187,0,3472,5641,1997,173527,1184,5827,352,14703,1513674,7,1101039,0,260119,1735913,566904,0,106201,167609,806081,70585,0,0,0,409781,493266,0,0,0,237124,0,26.04,0,0,26.04,0,0,0,0,0.07,0,0,0.07,0,0,0,0,0,0,0,0,0,0,0
6/28/2021,2769,73467,0,2084,3499,1639,164061,1345,6752,190,11145,1827751,4,1428254,0,147667,1605467,847186,0,134495,213792,1389887,115669,0,0,0,329259,554736,0,0,171755,240883,0,222.75,0,0,0,0,222.75,0,0,0.6,0,0,0,0,0.6,0,0,0,0,0,0,0,0,0
7/5/2021,4311,72947,0,2286,3552,1830,144409,1523,7521,76,12497,1740974,2,1317628,0,143439,1285544,840031,0,204266,226005,1763842,158424,0,0,0,258667,636616,0,0,604007,236375,0,69.14,0,0,0,0,69.14,0,0,0.19,0,0,0,0,0.18,0,0,0,0,0,0,0,0,0
7/12/2021,3511,72780,0,2247,4324,2032,119849,1709,17786,75,13048,1592654,0,1209861,0,116290,1176616,817443,0,222196,40150,1806810,145174,0,0,0,254607,621612,0,0,585354,241824,0,0,0,0,0,0,0,0,0,0,0,0,0,0,0,0,0,0,0,0,0,0,0,0
7/19/2021,3270,76919,0,3427,7001,2210,115580,1536,19318,31,12088,1742849,0,1148608,0,25408,1148458,606712,0,20748,35057,1021157,78871,0,0,0,245726,560697,0,0,544006,237623,0,29,0,0,0,0,29,0,0,0.08,0,0,0,0,0.08,0,0,0,0,0,0,0,0,0
7/26/2021,3277,66232,0,3813,6700,2113,123176,1297,23188,42,11214,4743090,0,1186642,0,0,1181069,484872,45777,1,54359,772359,68256,0,0,0,234118,526099,0,0,520925,230662,0,402.73,0,0,0,0,402.73,0,0,1.08,0,0,0,0,1.08,0,0,0,0,0,0,0,0,0
8/2/2021,3569,74201,0,4032,9990,1888,128566,1187,22939,55,11643,4956027,2,1256043,0,0,1237042,534624,75811,0,28742,977878,67435,0,0,0,243604,494229,0,0,236542,240165,0,90,0,0,0,0,90,0,0,0.24,0,0,0,0,0.24,0,0,0,0,0,0,43.7,0,0
8/9/2021,3871,82353,0,4583,11974,2281,111348,1374,25076,63,11726,4269531,1,1202092,0,0,1139161,513923,82584,0,114643,877799,65200,0,0,0,252469,518719,0,0,0,235613,0,0,0,0,0,0,0,0,0,0,0,0,0,0,0,0,0,0,0,0,0,67.9,0,0
8/16/2021,3155,82491,0,4925,12981,2249,91159,1287,22940,57,7015,3400496,1,1153100,0,233899,860417,501816,60337,0,75488,858767,68264,0,0,0,240337,494479,0,0,0,233529,0,228.27,0,0,36.92,0,191.35,0,0,0.61,0,0,0.1,0,0.51,0,0,0,0,0,0,0,0,0
8/23/2021,3298,88616,0,4734,12936,2134,79519,1287,23261,52,6588,3041064,0,1136284,0,270233,979709,534321,30101,0,179049,894260,78962,0,0,0,342935,481145,0,0,0,230417,0,75.66,0,0,0,0,75.66,0,0,0.2,0,0,0,0,0.2,0,0,0,0,0,0,0,0,0
8/30/2021,3423,84881,0,4582,11789,1945,104238,1323,25149,53,5687,2042967,2,654407,0,7247,1416602,522670,33660,0,114647,897361,82295,0,0,0,292059,469927,0,0,0,241779,0,472.52,0,0,0.05,0,472.47,0,0,1.26,0,0,0,0,1.26,0,0,0,0,0,0,0,0,0
9/6/2021,3641,103021,0,3993,13762,1946,79378,1282,26712,47,5088,3552769,1,1050269,0,0,1797973,578765,34904,0,66533,914775,83653,0,0,0,289381,451746,0,0,0,239637,0,345.87,0,0,122.48,0,223.39,0,0,0.6,0,0,0,0,0.6,0,0,0,0,0,0,0,0,0
9/13/2021,5462,130683,0,3955,15043,2248,77702,730,29076,48,6846,3419124,0,833513,0,0,1819142,614342,36013,0,83639,814497,82252,0,0,0,195975,421036,0,0,0,218214,0,752.49,0,0,288.56,0,463.93,0,0,1.24,0,0,0,0,1.24,0,0,0,0,0,0,0,0,0
9/20/2021,4167,125152,0,3903,15091,2525,73944,1245,34879,57,7528,3435181,2,937390,0,53603,1975884,608022,80245,0,173925,593790,85048,0,0,0,163070,414901,0,0,0,240491,0,199.18,0,0,1.21,0,197.97,0,0,0.53,0,0,0,0,0.53,0,0,0,0,0,0,0,0,0
9/27/2021,3779,139471,0,4106,14466,2965,76924,1319,39496,47,4787,842922,1,909546,0,740110,1540386,605110,104836,0,334371,267598,82857,0,0,0,81938,427379,0,0,0,232174,0,1063.47,0,0,410.33,0,653.14,0,0,1.74,0,0,0,0,1.74,0,0,0,0,0,0,0,4304,0
10/4/2021,3934,142743,0,4418,16436,2765,73310,1744,30142,66,6928,1269859,4,1848643,0,964701,0,508161,98132,0,838812,661038,80503,0,0,22503,0,460061,0,0,0,231049,0,0,0,0,0,0,0,0,0,0,0,0,0,0,0,0,0,0,0,0,0,0,9892,967
10/11/2021,4253,143109,0,4392,19032,2723,60068,2062,63449,53,5936,1170146,0,2686308,0,974870,0,479756,92888,0,2411149,1022106,79385,0,0,35430,0,444092,0,0,0,229426,0,34911.39,0,0,15061.21,0,19850.18,0,0,93.19,0,0,40.2,0,52.98,0,0,0,0,0,0,0,2533,0
10/18/2021,4093,136866,0,4484,18625,3013,48411,2284,77138,53,6405,1677943,3,2798932,0,901098,1122265,467831,79320,0,3336120,881407,77959,0,0,32697,358387,411055,0,0,0,224438,0,44386.05,0,0,16760.37,0,27625.68,0,0,118.48,0,0,44.74,0,73.74,0,0,0,0,0,0,0,5403,13387
10/25/2021,4212,142089,0,4129,18370,3062,45093,2950,83284,48,7058,2198173,3,3262749,0,297447,2619754,504119,101278,0,4666470,1256146,76987,0,0,32662,484694,235196,0,0,0,228138,0,57492.52,0,0,20834.9,0,36657.62,0,0,153.46,0,0,55.61,0,97.85,0,0,0,0,0,0,0,13861,5011
